Model,R2 Score
Linear Regression,0.26159453171051905
Random Forest,0.6037926608190254
